id,sequence
1001,FLPLLAGLAANFLPTIICKISYKC
1002,LLAGLAANFLPTIICKISYKC
1003,FAGLAANFLPTIICKISYKC
1004,FLKLLKKLAAKFLPTIICKISYKC
1005,FLKLLKKLAAKLF
1007,FLGALFKALSKLL
1008,FLKLLAGLLKNFA
1041,AIGKFLHSAKKFGKAFVGEIMNS
1047,GIGKFLHSAKKFAKAFVAEIMNS
1053,RAGLQFPVGRLLRRLLRRLLR
1111,FKCRRWQWRMKKLGA
1117,GIGKFLKKAKKFAKAFVKIINN
1119,KWKLFKKIPKFLHSAKKF
1120,KWKFKKIPKFLHLAKKF
1121,KWKLFKKILKFLHLAKKF
1122,KWKLFKKISKFLHLAKKF
1123,WKLFKKIPKFLHLAKKF
1124,FKLFKKIPKFLHLAKKF
1125,KWFKKIPKFLHLAKKF
1126,WFKKIPKFLHLAKKF
1127,WKKIPKFLHLAKKF
1128,WFKKIPKFLHLLKKF
1129,WKKIPKFLHLLKKF
1131,KWKLFKKIPFLHLAKKF
1132,KWKLFKKIPKFLHLAKK
1133,KWKLFKKIPLHLAKKF
1134,KWKLFKKIPKFLHLAK
1135,KWKLFKKIPHLAKKF
1136,KWKLFKKIPKFLHLA
1137,KWKLFKKIPLAKKF
1138,KWKLFKKIPKFLHL
1139,KWKLFKKIPLKKF
1140,KWKLFKKIPKFLH
1150,KWFKKIPKFLHLLKKF
1185,KWKLFKKIGIGKFLHSAKKF
1186,KWKLFKKIKFLHSAKKF
1188,KWKLFKKIGPGKFLHSAKKF
1202,KWKLFKKIGIGAVLKVLTTG
1203,KWKLFKKIGIGAVLKVLKKG
1204,KWKLFKKIGIGKFLHSATTF
1205,KWKLFKKIGIGAFLHSAKKF
1206,KWKLFKKIGIGKFLHLAKKF
1207,KWKLFKKIGIGAFLHLAKKF
1208,KWKLFKKIGIGKFKLAKKF
1209,KWKLFAKIGIGKFLHLAKKF
1210,KWKKFLKIGIGKFLHLAKKF
1231,KWKVFKKIEKMGRNIRNGIVKAGPAIAVLGEAKAL
1235,SWLSKTAKKLENSAKKRISEGIAIAIQGGPR
1239,MPRWRLFRRIDRVGKQIKQGILRAGPAIALVGDARAVG
1252,GLFDIIKKIAESF
1261,GLFDIVKKVVGAFGSL
1270,GLFDIAKKVIGVIGSL
1279,GLFDIVKKIAGHIAGSI
1288,GLFDIVKKIAGHIASSI
1297,GLFDIVKKIAGHIVSSI
1317,KWKLFKKIEKVGQNIRDGIIKAGPAVAVVGQATQIAK
1323,KWKIFKKIEKVGRNIRNGIIKAGPAVAVLGEAKAL
1350,ETFSDLWKLL
1352,FKCRRWQWRMKKLGAPSITCVR
1353,RKAFRWAWRMLKKAAPSITCVR
1357,ALSKALSKALSKALSKALSKALSK
1420,TRSSRAGLQFPVGRVHRLLRK
1421,GLFDVIKKVASVIGGL
1423,AKRHHGYKRKFH
1424,ILRWPWWPWRRK
1425,GIGKFLKKAKKFGKAFVKILKK
1426,RGGRLCYCRRRFCVCVGR
1427,FLPLIGRVLSGIL
1428,KILRGVCKKIMRTFLRRISKDILTGKK
1432,GIIKKIIIKKI
1433,GIIKKIIIKKIIIKKI
1434,GIIKKIIIKKIIIKKIIIKKI
1441,KLLRLLKKLLRLLLK
1442,KLLLKLKLKLLK
1445,KWKSFAKTFKSAKKTVAHTALKAISS
1446,KWKSFLKTFKSAKKTVAHTAAKAISS
1450,KWKSFLKTFKSAKKTVLHTALKAISS
1453,KWKSFLKTFKSLKKTVLHTLLKAISS
1525,LLGDFFRKSKEK
1526,IGKEFKRIVQRIKDFLRNLVPRTES
1527,FKRIVQRIKDFLRNLV
1528,FKRIVQRIKDFLR
1529,LLGDFKRIVQRIKDF
1543,GFFALIPKIISSPLFKTLLSAVGSALSSSGGQE
1547,KAQIRAMECNIL
1548,RKKRRQRRR
1549,KAQIRAMECNILGRKKRRQRRR
1604,PEWFKCRRWQWRMKKLGA
1605,PAWFKARRWAWRMKKLAA
1606,PAWRKAFRWAWRMKKLAA
1607,PAWFKARRWAWRMLKKAA
1608,PAWRKAFRWAWRMLKKAA
1609,PAWRKAFRWAARMLKKAA
1610,PAWRKAFRAAWRMLKKAA
1611,PAWAKAFRAAARMKLKAA
1612,PAWRKAARWAWRMLKKAA
1613,PAARKAFRWAWRMLKKAA
1614,PAARKAARWAWRMLKKGA
1615,PAWRKAFRWAKRMLKKAA
1616,PAWRKAFRKAWRMLKKAA
1617,PAWRKARRWAWRMKKLAA
1618,PAWRKARRWARRMKKLAA
1649,GIGTKILGGVKTALKGALKELASTYAN
1650,GIGGKILSGLKTALKGAAKELASTYLH
1651,GIGVLLSAGKAALKGLAKVLAEKYAN
1652,SIGAKILGGVKTFFKGALKELASTYLQ
1665,LRVRLASHLRKLRKRLLRDADDLQKRLAVY
1670,LLRHVVKILEKYL
1671,LLRHVVKILSKYL
1672,RGDLLRHVVKILEKYL
1673,RGDLLRHVVKILSKYL
1706,ALWKNMLKGIGKLAGQAALGAVKTLVGA
1707,ALWKDILKNVGKAAGKAVLNTVTDMVNQ
1708,ALWKTMLKKLGTMALHAGKAALGAAADTISQGTQ
1709,KLAKLAKKLAKLAK
1710,FLGWLFKWAKK
1716,FLKWLFKWAKK
1722,FLGWLFKWAWK
1728,FLWWLFKWAWK
1773,FALALKALKKALKKLKKALKKAL
1775,MPKWKVFKKIEKVGRNIRNGIVKAGPAIAVLGEAKALG
1777,FAKKLAKKLKKLAKKLAKLALAL
1778,FALAAKALKKLAKKLKKLAKKAL
1779,FALALKALKKLLKKLKKLAKKAL
1781,FALAKLAKKAKAKLKKALKAL
1782,FALALKALKKLKKALKKAL
1784,FAKKLAKKLKKLAKLALAL
1786,FALALKKALKALKKAL
1787,FAKKLAKLAKKLAKLAL
1788,FAKKLAKLAKKLAKLALAL
1790,FAKKLAKLAKKLLAL
1791,FAKKLAKLAKKALAL
1792,FALAKKALKKAKKAL
1793,FAKKLAKKLKKLAKLALAK
1795,FAKLLAKLAKKLL
1796,FAKKLAKLALKLAKL
1797,FAKKLAKKLAKLAL
1798,FAKKLKKLAKLAKKL
1799,FAKKALKALKKL
1800,VAKLLAKLAKKLL
1801,FAKLLAKLAKKL
1802,VAKKLAKLAKKLAKLAL
1803,KWKLFKKIGAVLKVL
1804,FAKLLAKLAKKAL
1805,FAKLLAKALKKLL
1806,FAKLLKLAAKKLL
1807,FAKLLAKKLL
1808,FAKKLAKALL
1809,FAKKLAKKLL
1810,FAKLAKKLL
1812,ILPWKWPWWPWRR
1813,FAKALKALLKALKAL
1814,FAKLLAKLAKAKL
1815,FAKLLAKLAKLKL
1816,FAKKLAKKLKKLAKKLAKKWKL
1817,FAKKLAKKLKKLAKKLAK
1819,KWKLFKKKTKLFKKFAKKLAKKL
1820,FAKKLAKKLAKAL
1821,FAKKLAKKLAKLL
1822,FAKKLAKKLAKAAL
1823,FAKKLAKKAKLAKKL
1824,FAKKLKKLAKKL
1825,KTKLFKKFAKKLAKKLKKLAKKL
1828,FAKALAKLAKKLL
1829,FAKLLALALKLKL
1830,FAKLLAKLAKAKA
1831,FAKLLAKLAKAKG
1832,FAKKLAKKLKKLAKKLAKLALALKALALKAL
1833,FAKKLAKKLKKLAKKLIGAVLKV
1834,FAKLLAKALKLKL
1835,FAKLLAKALKKAL
1836,FAKLLAKALKKL
1837,KWKLFKKALKKLKKALKKAL
1838,KIAKVALAKLGIGAVLKVLTTGL
1839,FAKKLAKLAKKL
1840,MPKEKVFLKIEKMGRNIRN
1841,GIGAVLKVLTTGLPALISWIKRKRQQ
1842,FAKKLAKLAKKLAKAL
1843,FAKKLLAKALKL
1844,FAKFLAKFLKKAL
1845,FAKLLFKALKKAL
1846,FAKLLAKFLKKAL
1847,FAKLLAKAFKKAL
1848,FAKLFAKAFKKAL
1849,FAKLLAKALKKFL
1850,FAKLLAKALKKFAL
1851,FAKLLAKLAKKFAL
1852,FAKLFAKLAKKFAL
1853,FKLAFKLAKKAFL
1854,FAKLLAKLAK
1855,FAKLLAKLAKKVL
1856,FAKLLAKLAKKIL
1857,FAKLLAKLAKKEL
1858,FAKLLAKLAKKSL
1859,FAKLA
1860,FAKLF
1861,KAKLF
1862,KWKLF
1863,FGKGIGKVGKKLL
1864,FAFGKGIGKVGKKLL
1865,FAKAIAKIAFGKGIGKVGKKLL
1866,FAKLWAKLAFGKGIGKVGKKLL
1867,FAKLWAKLAKKL
1868,FAKGVGKVGKKAL
1869,FAFGKGIGKIGKKGL
1870,FAKIIAKIAKIAKKIL
1871,FAFAKIIAKIAKKII
1872,FALALKA
1873,KWKLAKKALALL
1874,FAKIIAKIAKKI
1875,FALALKALKKAL
1876,FALKALKK
1877,KYKKALKKLAKLL
1878,FKRLAKIKVLRLAKIKR
1879,FAKLAKKALAKLL
1880,KAKLAKKALAKLL
1881,KLALKLALKALKAAKLA
1882,FAKLLAKLAKK
1883,FAKLLAKLAKKGL
1884,FALKALKKLKKALKKAL
1885,VAKLLAKLAKKVL
1886,YAKLLAKLAKKAL
1887,KLLKLLLKLYKKLLKLL
1888,FAVGLRAIKRALKKLRRGVRKVAKDL
1889,KLAKKLAKLAKLAKAL
1891,FALALKALKKL
1892,FALAKALKKAL
1893,FALALKLAKKAL
1894,FALLKL
1895,FALALKALKK
1896,FALKALKKAL
1897,FALLKALKKAL
1898,KFKKLAKKF
1899,KFKKLAKKW
1900,FALALKALKKA
1901,FALLKALLKKAL
1902,FALALKLAKKL
1903,LKKLAKLALAF
1904,VALALKALKKL
1905,FALALKLKKL
1906,FALALKAKKL
1908,WALAL
1910,FAKKFAKKFKKFAKKFAKFAFAF
1911,KKVVFKVKFK
1912,FKVKFKVKVK
1914,FAKKLAKKLKKLAKKLAKLAKKL
1916,VAKFLAKFLKKAL
1918,VAKKLAKLAKKLAKLALAL
1919,VAKKLAKLAKKLLAL
1920,VAKLLAKALKKLL
1923,VALALKALKKLAKKLKKLAKKAL
1924,FAKLLAKLAKKAA
2043,KWKKLAKKW
2219,VAKALKALLKALKAL
2371,VAKALAKALLKALKAL
2810,RRRRRNWMWC
2811,RRRRRWCMNW
2839,GIIKKIIKKI
2840,GIIKKIIKKIIKKI
2841,GIIKKIIKKIIKKIIKKI
2846,GLWSKIKEVGKEAAKAAAKAAGKAALGAVSEAV
2851,FVDLKKIANIINSIF
2855,KLLLKLLKKLLKLLKKK
2862,KQLIRFLKRLDRNGGGKLLLKLLKKLLKLLKKK
2869,LKLLKKLLKKLLKLL
2913,THRPPMWSPVWPGGGKLLLKLLKKLLKLLKKK
2925,GFIFHIIKGLFHAGKMIHGLV
2956,FIFHIIKGLFHAGKMI
3032,GFFALIPKIISSPLFKTLLSAVGSALS
3072,MRKEFHNVLSSGQLLADKRPARDYNRK
3073,MWKWFHNVLSSWQLLADKRPARDYNRK
3074,MWKWFHNVLSWWWLLADKRPARDYNRK
3075,MRKWFHNVLSSGQLLADKWPAWDYNRK
3076,MWKEFHNVLSSGQLLADKRWARWYNRW
3077,MWKWFHNVLSSGQLLADKWWAWWYNWW
3102,PDEDAINNALNKVCSTGRRQRSICKQLLKK
3114,KWLRRVWRWWR
3119,KRLRRVWRRWR
3123,FLSLIPSLVGGSISAFK
3125,FLGMIPGLIGGLISAFK
3130,FLSLIPKLVKKIIKAFK
3135,FLGMIPKLIKKLIKAFK
3140,CHHNLTHAC
3143,CAHNLTHAC
3146,CHANLTHAC
3149,CHHALTHAC
3152,CHHNATHAC
3154,CHHNLAHAC
3155,CHHNLTAAC
3198,MTLTG
3206,KVKVKVKVPPTKVKVKVK
3266,FLGALFHALSKLL
3267,FLGALFKALSHLL
3268,VRRFPWWWPFLRR
3271,KKKFPWWWPFKKK
3274,KKKFPWWWPFKKKCKKKFPWWWPFKKKC
3277,KKKFPWWWPFKKKKKKFPWWWPFKKKK
3280,FKCRRWQWRMKK
3288,KAAKKAAKAAKKAAKAAKKAA
3290,KWKLFKKIPKFLHLAKKF
3325,KILRGVAKKIMRTFLRRISKKILTGKK
3329,KILRGVAKKIMRTFLRRILTGKK
3333,KISKRILTGKK
3342,YPFPG
3343,RYLGYL
3344,PPPEE
3356,KWKKLLKKPPPLLKKLLKKL
3362,NHFTLKCPKTALTEPPTLAY
3368,TAGIKLTVPIEKFPVTTQTFWG
3374,GQVWEATATVNAIRGSVTPAVSQFNARTAD
3495,VNWKKILGKIIKVVK
3496,VNWKKILAKIIKVVK
3497,NVWKKILGKIIKVVK
3498,VNWKKILKKIIKVVK
3499,VNWKKILGKIKKVVK
3500,VNWKKILPKIIKVVK
3503,KNWKKILGKIIKVVK
3504,VNWKKIILGKIIKVVK
3506,VNFKKLLGKLLKVVK
3508,VNWRRILGRIIRVVR
3509,KNWKKILKKIIKVVK
3512,VNWKKLLGKLLKVVK
3515,VYWKKILGKIIKVVK
3516,VNWKKVLGKVVKVVK
3517,NKWKKILGKIIKVVK
3586,GFGMALKLLKKVL
3587,GTGLPMSERRKIMLMMR
3589,AFGMALKLLKKVL
3590,LFGMALKLLKKVL
3593,GFKMALKLLKKVL
3598,GFGMALRLLRRVL
3634,GMWSKILGHLIR
3636,GMWSKILGHLIK
3637,GMWSKILGHLKR
3638,GMWSKILGKLIR
3639,GMWSKILKHLIR
3640,GMWKKILGHLIR
3641,GKWSKILGHLIR
3642,KMWSKILGHLIR
3643,GMWKKILGKLIR
3644,GKWSKILGKLIR
3645,GKWKKILGHLIR
3646,GKWKKILGKLIR
3648,GMWSKLLGHLLR
3649,GKWMSLLKHILK
3651,GKWMSLLKKILK
3652,GKWMKLLKHILK
3653,GKWKSLLKHILK
3655,GKWMSLLKHIWK
3656,GKWMSLLKHWLK
3657,GKWMSLWKHILK
3658,GKFMSLLKHILK
3659,GKWMSFLKHILK
3660,GKWMTLLKHILK
3661,GKWLSLLKHILK
3718,YGRKKRRQRRRREADFFWSLCTADMS
3726,PLLQATLGGGS
3793,KILRGVAKKILRTFLRRISKDILTGKK
3834,IVRRADRAAVP
3837,ACDCRGDCFCGGGGIVRRADRAAVP
4048,GLFAVIKKVASVIGGL
4057,GLFDVIKAVASVIGGL
4066,GLFDVIKKVAAVIGGL
4075,GLFDVIKKVASVIKGL
4084,GLFDVIKKVASVIKKL
4093,GLFDVIAKVASVIKKL
4102,GLFAVIKKVASVIKGL
4111,GLFAVIKKVASVIKKL
4120,GLFAVIKKVAAVIKKL
4129,GLFAVIKKVAAVIRRL
4138,GLFAVIKKVAKVIKKL
4147,GLFKVIKKVASVIGGL
4156,GLFKVIKKVAKVIKKL
4165,LGGIVSAVKKIVDFLG
4174,KIFGSLAFL
4184,HHPHG
4185,HHPHGHHPHG
4187,HHPHGHHPHGHHPHG
4189,HHPHGHHPHGHHPHGHHPHG
4191,GRKKRRQRRR
4195,GRKKRRQRRRGGWMWVTNLRTD
4200,HSHRDFQPVLHLVALNSPLSGGMRG
4201,MRGIRGADFQAFQQARAVGLAGTFR
4202,TFRAFLSSRLQDLYSIVRRADRAAV
4203,AAVPIVNLKDELLFPSWEALFSGSE
4204,GSEGPLKPGARIFSFDGKDVLRHPT
4205,HPTWPQKSVWHGSDPNGRRLTESY
4206,ETWRTEAPSATGQASSLLGGRLLGQ
4207,LGQSAASAHHAYIVLAIENSFMTASKKK
4227,RRRRRRRRGNLWAAQRYGRELRRMSDEFVDSFKK
4239,RRRRRRRRGEDIIRNIARHLAQVGDSMDR
4251,RRRRRRRRGEDIIRNIARHAAQVGASMDR
4263,LKKLLKKLLKKL
4275,LRRLLRRLLRRL
4278,DDALRRLLRRLLRRL
4335,YHWYGYTPQNVIGGGKLLLKLLKKLLKLLKKK
4347,NYQWVPYQGRVPYPRGGLLKLLKKLLKKLLKL
4351,GRVPYPRGGLLKLLKKLLKKLLKL
4355,FLIGMTQGLICLITRKC
4356,FLPAIVGAAAKFLPKIFCAISKKC
4357,FLPIIAGAAAKVVEKIFCAISKKC
4359,FLPIIAGIAAKFLPKIFCTISKKC
4360,FLPIIAGVAAKVLPKIFCAISKKC
4361,FLPVIAGVAANFLPKLFCAISKKC
4362,GLMDTIKGVAKTVAASWLDKLKCKITGC
4363,FVQWFSKFLGRIL
4364,FLPILASLAAKFGPKLFCLVTKKC
4365,AWKLFDDGV
4366,IPCGESCVWIPCITAIAGCSCKNKVCYT
4367,AIPCGESCVWIPCISTVIGCSCSNKVCYR
4368,IPCGESCVWIPCISGMFGCSCKDKVCYS
4369,GASCGETCFTGICFTAGCSCNPWPTCTRN
4370,GDACGETCFTGICFTAGCSCNPWPTCTRN
4371,GEYCGESCYLIPCFTPGCYCVSRQCVNKN
4372,GIPCAESCVWIPPCTITALMGCSCKNNVCYNN
4373,GSIPCGESCVFIPCISAVIGCSCSNKVCYKN
4374,GSIPCGESCVFIPCISSVIGCACKSKVCYKN
4375,GSIPCGESCVFIPCISAIIGCSCSSKVCYKN
4376,GIPCGESCVFIPCLTSAIDCSCKSKVCYRN
4377,GLPVCGETCVGGTCNTPGCACSWPVCTRN
4379,GSIPCEGSCVFIPCISAIIGCSCSNKVCYKN
4380,GIPCGESCVWIPCISSAIGCSCKSKVCYRN
4381,GLPTCGETCTLGTCYVPDCSCSWPICMKN
4382,GIPCGESCVFIPCITGAIGCSCKSKVCYRN
4384,GEFLKCGESCVQGECYTPGCSCDWPICKKN
4388,GFKDLLKGAAKALVKTVLF
4389,GFVDFLKKVAGTIANVVT
4390,GLFVGLAKVAAHNNPAIAEHFQA
4391,GLFVGVLAKVAAHVVPAIAEHF
4392,GLLQTIKEKLESLESLAKGIVSGIQA
4393,GRFKRFRKKFKKLFKKLSPVIPLLHLG
4394,GGLRSLGRKILRAWKKYGPIIVPIIRIG
4395,KLCGETCFKFKCYTPGCSCSYPFCK
4396,GVIPCGESCVFIPCISSVLGCSCKNKVCYRD
4397,GIACGESCVFLGCFIPGCSCKSKVCYFN
4398,ILGPVISTIGGVLGGLLKNL
4400,GIGGVLLSAGKAALKGLAKVLAEKYAN
4404,GLFDIIKKIAESI
4405,GLFDIIKKVASVIGGL
4406,GLFDIIKKVASVVGGL
4407,GLFDIVKKVVGAIGSL
4408,GLFDIVKKVVGALGSL
4409,GLFDIVKKVVGTLAGL
4410,GLFGVLGSIAKHVLPHVVPVIAEK
4411,GLFKVLGSVAKHLLPHVAPVIAEK
4413,GLFSVLGAVAKHVLPHVVPVIAEK
4414,GLLDIVKKVVGAFGSL
4415,GLLGLLGSVVSHVLPAITQHL
4416,GLLGLLGSVVSHVVPAIVGHF
4417,GLLGPLLKIAAKVGSNLL
4418,GTFPCGESCVFIPCLTSAIGCSCKSKVCYKN
4419,HGVSGHGQHGVHG
4420,GWLKKIGKKIERVGQHTRDATIQTIGVAQQAANVAATLK
4421,GVPICGETCTLGTCYTAGCSCSWPVCTRN
4422,GIPCAESCVWIPCTVTALIGCGCSNKVCYN
4423,GLLPCAESCVYIPCLTTVIGCSCKSKVCYKN
4424,GLLSVLGSVAKHVLPHVVPVIAEHL
4426,GLPVCGETCAGGTCNTPGCSCSWPICTRN
4427,GLPVCGETCFGGTCNTPGCTCDPWPVCTRN
4429,ACSAG
4430,ACYCRIPACIAGERRYGTCIYQGRLWAFCC
4431,CYCRIPACIAGERRYGTCIYQGRLWAFCC
4433,AIGSILGALAKGLPTLISWIKNR
4434,DHYNCVSSGGQCLYSACPIFTKIQGTCYRGKAKCCK
4435,ECRRLCYKQRCVTYCRGR
4436,FFGWLIKGAIHAGKAIHGLIHRRRH
4437,FFHHIFRGIVHVGKTIHRLVTG
4438,IDWKKLLDAAKQIL
4439,ILPILSLIGGLLGK
4440,KSCCKNTTGRNIYNTCRFAGGSRERCAKLSGCKIISASTCPSDYPK
4441,KSCCPNTTGRNIYNACRLTGAPRPTCAKLSGCKIISGSTCPSDYPK
4443,KSCCPNTTGRNIYNTCRLTGSSRETCAKLSGCKIISASTCPSNYPK
4444,KSCCPNTTGRNIYNTCRFGGGSREVCARISGCKIISASTCPSDYPK
4445,KSCCPNTTGRNIYNTCRFGGGSRQVCASLSGCKIISASTCPSDYPK
4446,KSCCPNTTGRNIYNTCRLGGGSRERCASLSGCKIISASTCPSDYPK
4447,KSCCRNTWARNCYNVCRLPGTISREICAKKCDCKIISGTTCPSDYPK
4448,KSSAYSLQMGATAIKQVKKLFKKWGW
4449,KTCENLADTFRGPCFATSNC
4450,KTCENLADTY
4451,LKLKSIVSWAKKVL
4452,GLWSKIKEAAKAAGKAALNAVTGLVNQGDQPS
4453,LLGMIPLAISAISALSKL
4454,GIKCRFCCGCCTPGICGVCCRF
4461,YKQCHKKGGHCFPKEKICLPPSSDFGKMDCRWRWKCCKKGSG
4475,KAAKKWAKAAKKAAKAWKKAA
4477,KAAKKAWKAWKKAAKAAWKKAA
4478,KAAKKAWKAAKKAAKWWKKAA
4479,KAAKKAWKWAKKAAKWAKKAA
4480,KWWKKAAKAAKKAAKAAKKWA
4481,KAAKKAWKAAKKAWKAAKKAA
4482,AWKKWAKAWKWAKAKWWAKAA
4483,AAWKWAWAKKWAKAKKWAKAA
4484,AAKKWAKAKWAKAKKWAKAA
4511,GRRKRKWLRRIGKGVKIIGGAALDHL
4532,RWGKWFKKATHVGKHVGKAALTAYL
4551,GWRTLLKKAEVKTVGKLALKHYL
4576,LIAHNQVRQV
4577,GVGSPYVSRLLGICL
4578,PRFWEYWLRLME
4579,LTFEHYWAQLTS
4580,LTAEHYAAQATS
4581,QETFSDLWKLLP
4582,PRAWEYWLRLME
4583,PRFWEAWLRLME
4584,PRFWEYALRLME
4585,PRFWEYWLALME
4586,PRFWEYWLRAME
4587,PRFWEYWLRLAE
4602,GIGKFLHSAKKWGKAFVGQIMNC
4603,TRSSRAGLQWPVGRVHRLLRKGGC
4604,YGRKKRRQRRR
4611,CSSRTMHHC
4672,GLFGKLIKKFGRKAISYAVKKARGKH
4674,FRKSKEKIGKEFKRIVQRIKDFLRNLV
5002,LLGDFFRKSKEKIGKEFKRIVQRIKDFLRNLVPRTES
5055,TKPRKTKPRKTKPRKTKPR
5058,ETFSDWWKLLAE
5059,LTFSDWWKLLAE
5060,ESFSDWWKLLAE
5061,ETFADWWKLLAE
5062,ELLVDLL
5080,GLVGTLLGHIGKAILS
5081,GLVGTLLGHIGKAILG
5085,RLGDGCTR
5086,RECKTESNTFPGICITKPPCRKACISEKFTDGHCSKILRRCLCTKPC
5091,GGRSFFLLRRIQGCRFRNTVDD
5117,PFWRIRIRR
5119,PFWRIRIRRPRRIRIRWFP
5123,PFWRRRIRIRRRRIRIRRRWFP
5126,FWQRRIRRWRRFWQRRIRRWRR
5129,WWRRWWRRWRRWWRRWWR
5132,FKKLKKLFSKLWNWK
5136,FKKLKKLFSKLWNWKRKKRRQRRR
5141,LLCIALRKKLLCIALRKK
5149,GFGSKPLDSFGLNFF
5150,GTSCGETCVLLPCLSSVLGCTCQNKRCYKD
5153,GAVPCGETCVYLPCITPDIGCSCQNKVCYRD
5156,GAFLKCGESCVYLPCLTTVVGCSCQNSVCYRD
5163,FLFKLIPKAIKGLVKAIRK
5166,FLFKLIPKVIKGLVKAIRK
5172,NYNQPNS
5176,GKPICGETCFKGKCYTPGCTCSYPICKKD
5181,GLPTCGETCFKGKCYTPGCSCSYPICKKD
5183,CVLIGQRCDNDRGPRCCSGQGNCVPLPFLGGVCAV
5226,VKRFKKFFRKLKKSV
5230,VKRFKKFFRKLKKAV
5232,VKRFKKFFRKLKKVV
5234,VKRFKKFFRKLKKLV
5238,VKRFKKFFRKLKKFV
5240,VKRFKKFFRKLKKGV
5242,VKRFKKFFRKLKKQV
5244,VKRFKKFFRKLKKTV
5246,VKRFKKFFRKLKKKV
5250,VKRFKKFFRKLKKRV
5252,VKRFKKFFRKLKKHV
5254,VKRFKKFFRKLKKDV
5256,VKRFKKFFRKLKKEV
5258,RRRQRRKKRGGGGLGASWHRPDKCCLGYQKRRLPGGGLRRMADDLNAQY
5261,PRPSPKMGVSVS
5262,AQQICKAPSQTFPGLCFMDSSCRKYCIKEKFTGGHCSKLQRKCLCTKPC
5264,FIGAIARLLSKIF
5265,FIGAIARLLSK
5266,FIGAIARLLSKI
5267,FIGAIARLLS
5268,FIGAIARLL
5269,CQYSVNPKIKRFELYFKGRMW
5271,CHYRVKPKIKRFEKYKGRMW
5273,FKIGGFIKKLWRSKLA
5279,FKIGGFIKKLWRSLLA
5287,GMWSKIKETAMAAAKEAAKAAGKTISDMIKQ
5288,GMWSKIKNAGKAAAKAAAKAAGKAALDAVSEAI
5291,RGSALTHLP
5293,NGVQPKYKWWKWWKKWW
5295,NGVQPKYRWWRWWRRWW
5297,DEDDD
5298,FIHHIIGGLFSAGKAIHRLIRRRRR
5320,CGPCFTTDHNMARKCDECCGGKGRGKCFGPQCLCR
5321,VCMPCFTTDQQMARKCSDCCGGKGRGKCYGPQCLCR
5442,APEPRWKIFKKIEKMGRNIRDGIVKAGPAIEVLGSAKAIGK
5462,GIINTLQKYYCRVRGGRCAVLSCLPKEEQIGKCSTRGRKCCRRKK
5467,HARIKPTFRRLKWKYKGKFW
5468,ATCETPSKHFNGLCIRSSNCASVCHGEHFTDGRCQGVRRRCMCLKPC
5474,YQEPVLGPVRGPFPIIV
5475,SLPQNIPPLTQTPVVVPPF
5476,KKLFKKILKYL
5480,KKLFKKILKYLK
5484,KKLFKKILKYLKK
5488,KKLFKKILKYLKKL
5492,LKKLFKKILKYL
5496,LKKLFKKILKYLK
5500,LKKLFKKILKYLKK
5504,KKLFKKILKY
5508,LKKLFKKILKY
5512,KLKKLFKKILKY
5520,FKAGGFIKKLWRSLLA
5523,FKIGGFAKKLWRSLLA
5526,FKIGGFIKKAWRSLLA
5529,FKIGGFIKKLWRSALA
5532,FKIGGFIKKLWRSLAA
5551,FRRFFKWFRRFFKFF
5555,FRRPFKWFRRFFKFF
5559,FRRFFKWPRRFFKFF
5563,FRRFFKWFRRPFKFF
5567,FRRPFKWPRRFFKFF
5571,FRRFFKWPRRPFKFF
5575,GTTCYCGKTIGIYWFGKYSCPTNRGYTGSCPYFLGICCYPVD
5578,KCRRWLKRMKKLG
5579,LKCNKLVPLF
5585,ALWKEVLKNAGKAALNEINNLV
5590,KLKNFAKGVAQSLLNKASCKLSGQC
5592,CKLKNFAKGVAQSLLNKASKLSGQC
5602,KCRRYCYRQRCVTYCRGR
5608,GCRRLCYKQRCVTYCRGPPR
5612,GCRRWCYKQRCVTYCRGR
5622,KCRRLCYRQRCVTYCRGR
5628,GCRALCYKQRCVTYCRGA
5634,GCRRLCWRQRCVTWCRGR
5639,GCRRLCYRQRCVTYCRGR
5643,GCRRLCYKQRCVTWCRGR
5647,GCRRLCWKQRCVTYCRGR
5651,GCRRLCYKQRCVTYCRGR
5656,FLSLIPKIAGGIAALAKHL
5657,FLSLIPAAISAVSALANHF
5706,EENFLGALFKALSKLL
5711,KTCENLADTYKGPCFTTGSCDDHCKNKEHLRSGRCRDDFRCWCTKNC
5713,VLLVTLTRLHQRGVIYEKWRHFSGRKYR
5714,RWKIFKKIERVGQNVRDGIIKAGPAIQVLGTAKALGK
5721,GIPCGESCVFIPCTVTALLGCSCKDKVCYKN
5726,ILGPVLGLVSDTLDDVLGIL
5730,IKKILSKIKKLLK
5731,ITSISLCTPGCKTGALMGCNMKTATCNCSIHVSK
5740,HVLSRAPR
5744,KLAKLAKKLAKLAKCRGDKGPDC
5802,IDCSKVNLTAECSS
5806,GIGSAILSAGKSIIKGLAKGLAEHF
5809,IIGPVLGLVGKALGGLL
5812,EFLDCFQKF
5818,RKKRRQRRREFLDCFQKF
5823,GRFKRFRKKLKRLWHKVGPFVGPILHY
5829,IIGPVLGLIGKALGGLL
5835,GIGGALLSAGKSALKGLAKGLAEHFAN
5841,FLPIVAKLLSGLL
5845,FLYIVAKLLSGLL
5849,FLPIVAKLLSGLLGRKKRRQRRR
5853,ALWKSLLKNVGKAAGKAALNAVTDMVNQ
5855,GRKKRRQRRRGALWKSLLKNVGKA
5857,ALWKDILKNAGKAALNEINQIVQ
5859,ALWKKILKNAGKAALNKINQIVQ
5861,ALWKDILKNLLKAALNEINQIVQ
5863,LNLKALLAVAKKIL
5868,CLNLKALLAVAKKILC
5873,RKKRRQRRRLNLKALLAVAKKIL
5878,SILPTIVSFLSKVF
5879,FLPFLKSILGKIL
5880,FLPLLASLFSRLF
5882,IPPFIKKVLTTVF
5883,FLSGIVGMLAKLFLFKQYAELW
5886,FLSAIVGMLGKLF
5889,FLSGIVAMLGKLF
5892,FLSGIVGMLAKLF
5895,FLSAIVAMLGKLF
5898,FLSAIVAMLAKLF
5901,FLSGIVAMLAKLF
5904,GIMDTVKNAAKNLAGQLLDKLKCSITAC
5914,GIMDTVKNAAKNLAGQLLDKLK
5919,GSETWKTIITKN
5923,GILGKLWEGFKSIV
5925,IFGAIWKGISSLL
5927,FLSTIWNGIKSLL
5929,ADAPGNYPLDARGKSYYC
5934,KLSAIISKIRDE
5939,NDADKDEMQSVYRGKANDDNSRGSKTNHRF
5944,WCYKLPDRVSIKEKGRCN
5949,YVPGP
5957,PIPYPIF
5961,PIPRPIF
5963,GIGAVLKKLTTGLKALISWIKRKRQQ
5964,RRRRRRRRRRRIKKKRKWEASALVCIRLVTSSKPRTVA
5972,GLPCAESCVFIPCTITAILGCSCRDRVCYD
5973,GIPCAESCVFIPCVTAILGCSCKDVCYN
5975,GRWKIFKKIEKVGQNIRDGIVKAGPAVAVVGQAATI
5978,HSDGIFTDSYSRYRKQMAVKKYLAAVLGRRYRQRFRNK
5979,NLVSALIEGRKYLKNVLKKLNRLKEKNKAKNSKENN
5981,ASVVNKLTGGVAGLLK
6015,RIRDAIAHGYIVDKV
6018,RGWFRAMRSIARFIARERLREHL
6019,KILPGVCKKIMRPFLRRISKDILTGKK
6027,FLSLLPHIASGIASLVSKF
6031,FLSLIPHIASGIASLVKNF
6036,FLSLIPHIVSGVAALANHL
6038,GLWSKIKDAAKTAGKAALGFVNEMV
6043,GLWSKIKKAAKTAGKAALGFVNKMV
6048,IKLSKETKKNLKKVLKGAIKGAIAVAKMV
6096,IKLSPETKDNLKKVLKGAIKGAIAVAKMV
6099,ALWKTLLKHVGKAAGKAALNAVTDMVNQ
6104,KWCFRVCYRGICYRRCR
6111,KWCFRVCYRGICYRRCRG
6118,KWCFKVCYKGICYKKCKG
6122,KSCFRVCYRGICYRRCRG
6128,KWCFRVCSRGSCYRRCRG
6132,KWCFRVCYSGICYRRCRG
6133,KWCFRVCYRGICYSRCRG
6138,KWCFRVCYRGICYRRCSG
6143,KWCFRVCYSGICYSRCSG
6146,KWCFRVCYRGICYRRCRK
6151,KWCFRVCYRGFCYRRCRK
6160,FLFSLIPHAISGLISAFK
6163,FLFKLIPKAIKGLIKAFK
6166,FLFKLIKHAIKGLIKAFK
6169,FLFSLIKHAIKGLISAFK
6172,FLFSLIKHAISKLISAFK
6175,FLFKLIKKAIKKLIKAFK
6178,FLFKLIKKKIKKLIKKFK
6181,GRFKRFRKKFKKLFKKLSPVIPLLHL
6183,FALGAVTKLLPSLLCMITRKC
6192,IWLTALKFLGKNLGKLAKQQLAKL
6195,MTVVLLLIVLPLLGGVHSSGIL
6197,SRSSRAGLQFPVGRIHRLLRK
6199,GVWDWIKKTAGKIWNSEPVKALKSQALNAAKNFVAEKIGATPS
6203,IWSFLIKAATKLLPSLFGGGKKDS
6209,GLFSVVKGVLKGVGKNVSGSLLDQLKCKISGGC
6213,SPRVRRRYGRPFGGRPFVGGQFGGRPGCVCIRSPCPCANYG
6215,ALWKTMLKKLGTVALHAGKAALGAVADTISQ
6217,AGAPGG
6228,GGTCVIRGCVPKKLM
6236,GLTSK
6239,GEGSGA
6262,GYPFV
6266,LYPFA
6274,FYPFG
6281,PYFFL
6285,GYPFA
6293,AYPFG
6301,FSPFG
6309,VYPIA
6317,PYVFA
6325,FYPVG
6333,FYPFV
6341,FYPFA
6349,TVPFA
6357,FYPFI
6365,VTPFL
6377,PYGFV
6381,FTPFV
6389,FSPFA
6397,FSPAG
6405,FLGALFKVASKLVPAAICSISKKC
6409,FIQHLIPLIPHAIQGIKDIF
6447,ALWKDMLKGIGKLAGKAALGAVKTLV
6459,VKKFPWWWPFLKK
6463,VRRFAWWWAFLRR
6464,VKKFAWWWAFLKK
6465,VRRFAWWWPFLRR
6466,VKKFAWWWPFLKK
6467,VRRFPWWWAFLRR
6468,VKKFPWWWAFLKK
6469,VRRFPFFFPFLRR
6475,VRRFPAWWPFLRR
6476,VRRFPWAWPFLRR
6477,VRRFPWWAPFLRR
6478,VRRFPAAWPFLRR
6479,VRRFPAWAPFLRR
6480,VRRFPWAAPFLRR
6481,VRRFPAAAPFLRR
6482,VRRFPYWWPFLRR
6483,VRRFPWYWPFLRR
6484,VRRFPWWYPFLRR
6485,VRRFPYYWPFLRR
6486,VRRFPYWYPFLRR
6487,VRRFPWYYPFLRR
6488,VRRFPYYYPFLRR
6490,GIGKWLHSAKKFGKAFVGEIMNS
6491,GIGRWLHSARRFGRAFVGEIMNS
6492,FPVTWKWWKWWKG
6493,FPVTWRWWRWWRG
6495,ILPWKWPWWPWKK
6496,GALFLGFLGAAGSTMGAWSQPKKKRKV
6497,LRKLRKRLLRDWLKAFYDKVAEKLKEAF
6502,LRKLRKRLLRLVGRQLEEFL
6510,FQWQRNIRKVRPRVKRINRQWQF
6516,PFWRIRIRRPFWRIRIRR
6519,FWRIRIRRPRRIRIRWF
6522,PWRIRIRRPRRIRIWP
6525,PWRIRIRRRRIRIRWPPWRIRIRR
6528,RRWFWRRRRWFWRR
6532,MSSSNCANVCQTENFPGGECKAEGATRKCFCKNC
6535,RWRGGGGGLFDIIKKIAESF
6538,FFRKVLKLIRKI
6539,FFRKVLKLIRKIF
6540,FFRKVLKLIRKIWR
6541,FFPLIFGALSSILPKIL
6545,KAIGLVIPEIDGKLDGGAQRV
6550,IWLTALKFLGKNLGKHLAKQQLSKL
6552,FIGTLIPLALGALTKLFK
6555,FLGAILKIGHALAKTVLPMVTNAFKPKQ
6558,IDWKKLLDAAKLIL
6559,NFFKRIRRAWKRIWKWIYSA
6561,LKRIVQRIKDFLR
6562,AKRIVQRIKDFLR
6564,FKSARIVQRILDFLR
6565,FKRIVQRIRDFLR
6567,FKRIVQKIKDFLR
6568,FKRIVQLIKDFLR
6570,FKRIVQRIKDLLR
6572,FKRIVQIIKKFLR
6574,FKRIVQLLKKLLR
6576,FKRILQRIKDFLR
6580,SKWQHQQDSCRKQLQGVNLTPCEKHIMEKIQGRDDDDDDDDDD
6582,KLAKLAKKLAKLAKGGRKKRRQRRR
6642,VGALAVVVWLWLWLW
6645,YFYPKDFTPGCT
6646,LLKKLLKKLLKKLLKK
6658,ILGKIVKKLVSDF
6659,ILGKIWKGIVSDF
6660,GLWSKIKNVAAAAGKAALGAL
6668,GLWKKIKNVAKAAGKAALGAL
6676,WLWKKIKNVAKAAGKAAKGAL
6680,FLPLLISALTSLFPKLGK
6684,VKLRSLLCS
6686,ADLPGLK
6692,FALGAVTKVLPKLFCLITRKC
6696,FALGAVTCLIRTKCKVLPKLF
6704,FPLIASLAGNVVPKIFCKITKRC
6709,FLPLIASLAGNVVPKIFCKITKRC
6719,FKCRRWQWRMKKLGAPSITCVRRAF
6726,ALWKDLLKNVGIAAGKAALNKVTDMVNQ
6729,SLSLSVAR
6731,RALGWSCL
6746,RLMRIFRILKLAR
6748,RMMRIFWVIKLAR
6750,GIFDVVKGVLKGVGKNVAGSLLEQLKCKLSGGC
6754,GILSSIKGVAKGVAKNVAAQLLDTLKCKITGC
6758,GVLGAVKDLLIGAGKSAAQSVLKTLSCKLSNDC
6762,GLFDVVKGVLKGAGKNVAGSLLEQLKCKLSGGC
6766,FKEHGY
6769,EGFHL
6772,FSHTYV
6775,GIGAVLKVLTTGLPALISWIKRKRQQC
6779,GLFLDTLKGAAKDVAGKLEGLKCKITGCKLP
6783,PMPVSQECFETLRGHERILSILRHQNLLKELQDLALQGAKERAHQQ
6786,KWCFRVCYRGICYIRRCR
6788,PARDVLNTTSG
6790,NNETYFNAVKP
6792,TYFNAVKPPITA
6794,FKPQSGGGKCF
6795,FLGWLFKVASK
6797,ICIFCCGCCHRSKCGMCCKT
6798,THPPTTTTTTTTTTTTTAAPATTT
6800,TGIATSGLATFTLHTGSLAPAT
6806,RDVFTKGYGFGL
6814,ILGTILGLLKGL
6816,IFGTILGFLKGL
6818,ASIGALIQKAIALIKAKAA
6823,FLGALWNVAKSVF
6824,FLRALWNVAKSVF
6825,FLGALWRVAKSVF
6826,FLGALWNVAKRVF
6827,SFIPRAKSTWLNNIKLL
6831,YGRKKRRQRRRKDHRISTFKNWPFLEGCACTPERM
6835,FPLPCAYKGTYC
6838,LHLLLHLLHHLLHL
6839,LHHLLHLLHHLLHL
6842,KLAKLAK
6858,KKRKKKAFALKFVVDLI
6860,GKLRLIKKLWVKKWKKKGWKA
6862,GFLDIIKDTGKEFAVKILNNLKCKLAGGCPP
6863,RYGFTEVAGNFQQHNFGRG
6878,FIHHIFRGIVHAGRSIGRFLTG
6908,LWEHSH
6911,FSHRGH
6913,EGHGF
6916,FSTHGG
6920,HAGYSWA
6926,FEHSG
6929,HASWEH
6932,YEHSHG
6935,TFKHG
6938,GLLDLLELLLEAAGW
6941,GLLELLELLLEAAGW
6944,GLLHLLELLLEAAGW
6947,GLLKLLELLLEAAGW
6950,GLLDLLHLLLEAAGW
6953,GLLELLHLLLEAAGW
6956,GLLHLLHLLLEAAGW
6959,GLLKLLHLLLEAAGW
6962,GLLDLLKLLLEAAGW
6965,GLLELLKLLLEAAGW
6968,GLLHLLKLLLEAAGW
6971,GLLKLLKLLLEAAGW
6974,GLLDLLELLLHAAGW
6977,GLLELLELLLHAAGW
6980,GLLHLLELLLHAAGW
6983,GLLKLLELLLHAAGW
6986,GLLDLLHLLLHAAGW
6989,GLLELLHLLLHAAGW
6992,GLLHLLHLLLHAAGW
6995,GLLKLLHLLLHAAGW
6998,GLLDLLKLLLHAAGW
7001,GLLELLKLLLHAAGW
7004,GLLHLLKLLLHAAGW
7007,GLLKLLKLLLHAAGW
7010,GLLDLLELLLKAAGW
7013,GLLELLELLLKAAGW
7016,GLLHLLELLLKAAGW
7019,GLLKLLELLLKAAGW
7022,GLLDLLHLLLKAAGW
7025,GLLELLHLLLKAAGW
7028,GLLHLLHLLLKAAGW
7031,GLLKLLHLLLKAAGW
7034,GLLDLLKLLLKAAGW
7037,GLLELLKLLLKAAGW
7040,GLLHLLKLLLKAAGW
7043,GLLKLLKLLLKAAGW
7055,PTECQVGTTCKVES
7057,KKFFFFFFKK
7058,KKKFFFFFFKKK
7059,KKKKFFFFFFKKKK
7060,KKKKFFFFFFFFKKKK
7070,FLSGIVGMLAKLFKFLKALMFLSGIVG
7077,FLSGIVGMLAKLFFLSGIVGMLAKLFFLSGIVGMLAKLFKK
7090,FLPLIIGALSSLLPKIF
7095,FLPLIIGKLSSLLPKIF
7100,FLPLIIGALSSKLPKIF
7105,FLPKIIGKLSSLLPKIF
7110,FLPKIIGKLSSKLPKIF
7135,LPLPL
7170,CIIKKIIKKIIKK
7172,CLLKKLLKKLLKK
7174,CIIRRIIRRIIRR
7176,CLLRRLLRRLLRR
7178,CIIKKIIKKIIKKII
7184,MDRWLVKWKKKRKIRRRRRRRRRRR
7196,KKRYKKKYKAYKPYKKKKKF
7198,RPRRRATTRRRITTGTRRRR
7201,RRLTLRQLLGLGSRRRRRSR
7205,WRRRYRRWRRRRRWRRRPRR
7209,GWGSFFKKAAHVGKHVGKAALTHYL
7219,MADSERLSAPGCWAACTNFSRTRK
7224,KLLPSVVGLFKKKKQ
7226,KLLKKVVKLFKKKKK
7228,KLLKKVVKLFKKLLK
7230,KLLKKLLKLLKKLLK
7232,KIIKKIIKIIKKIIK
7234,KVVKKVVKVVKKVVK
7236,KIIKKIKKKIKKIIK
7238,KLLKKLKKKLKKLLK
7240,KVVKKVKKKVKKVVK
7242,IKKIIKIIKKIIKKI
7244,IIIKKIKKKIKKIII
7246,KIIIKIKKKIKIIIK
7248,FKWQFEMLIMKIAKTSGFMFYSSY
7253,FLGVLALLGYLAVRPFLPKKKQQK
7255,GPLGAGP
7262,FAKLLAKLAKLLK
7266,FAKLLAKLARRLL
7270,EEEEY
7274,GVKFAKRFWRFAKKAFKRFEK
7287,VAEAREELERLEARLGQARGELKKWKMRRNQFWLKLQR
7304,KKLALALAKKWLALAKKLALALAKK
7308,EARPALLTSRLRFIPK
7309,FAKKLAKLKKKLAKLAKKR
7313,RRGKGGRRVTMSF
7314,EQQQQQQPQNRRFRE
7315,FAKKLAKLKKKLAKLALAL
7317,SKVWRHWRRFWHRAHRLH
7335,GIFDVLKNLAKGVITSLKS
7338,GIFDVLKNLAKGVITSLAS
7341,GIFKVLKNLAKGVITSLKS
7347,LIKKLKEYLKKLI
7349,GLLGKILGAGKKVLCGVSGLC
7352,GLLGKILGAGKKVLLGVSGLL
7357,WYIRKIRRFFKWLKKKLKKK
7362,DVNFLLHKIYGNIRY
7366,GTRLKPLIICVQWPGL
7367,MDNHVCIPLCPP
7371,FLPLILRKIVTAL
7376,FLPRILRKIVTAL
7381,FLPKILRKIVTAL
7386,FLPRILRKIVRAL
7391,RLPRILRKIVRAL
7396,RLPRILRKIVRRL
7401,RLRRILRKIVRRL
7406,RRRRRRRRGGDRDYKKFWAGLQGLTIYFYN
7408,RRRRRRRRGGDQEIKFKVETLECREMWKGF
7409,RRRRRRRRGGMWKGFILTVVELRVPTDLTL
7411,RRRRRRRRGGFWAGLQGLTIYFYNSNRDFQ
7412,RRRRRRRRGGQGLTIYFYNSNRDFQ
7413,RRRRRRRRGGQGLTIYFYNSNR
7414,RRRRRRRRGGQGLTIYFY
7415,RRRRRRRRGGGLTIYFYN
7416,RRRRRRRRGGGLTIYFY
7417,RRRRRRRRGGVVELRVPTDLTLLPGHLYMM
7418,RRRRRRRRGGILTVVELRVP
7419,GRKKRRQRRRPPQGGLTIYFY
7420,TRRQRTRRARRNRGGLTIYFY
7421,RRRRNRTRRNRRRVRGGLTIYFY
7422,RWQWRWQWR
7435,GLFDIIKKIIKSF
7437,RRRRRGLFDIIKKIAESF
7439,RRRRRGLFDIIKKIIKSF
7441,TKEQKEQIAKATGLTTKQVRNWYVQLNASIKVCMCSC
7444,ADDGRPFPQVIK
7446,AEEYEFLTPMEEAPK
7448,IGEHTPSALAIMENANVLAR
7450,SETAPAAPAAPAPAEK
7452,HVFGESDELIGQK
7454,GAGTGGLGLAVEGPSEAK
7456,VEPGLGADNSVVR
7458,NSNLVGAAHEELQQSR
7460,AAGTLYTYPENWR
7462,FAAATGATPIAGR
7467,RRWQWRWQWRR
7469,RWQWRWQWRR
7471,RRWQWRWQWR
7473,WQWRWQW
7475,RWQWRWQW
7477,WQWRWQWR
7479,LSTAADMQGVVTDGMASGLDKDYLKPDD
7495,GRRRQRRKKRLGPFSIDLLIKSLSDNMTDL
7501,GLMDMLKKVGKVALTVAKSALLP
7504,GIFKDTLKKVVAAVLTTVADNIHPK
7507,FLGVALKLGKVLGKALLPLASSLLHSQ
7510,FLPLLAGLAANFLPQIICKIARKC
7545,ALWKSILKNAGKAALNEINQIV
7547,ALWKSILKNAGKALNEINQIVQ
7549,ALWKSILKNAGKAVLNEINQIVQ
7553,ALWKSILKNVGKVLNEINQIVQ
7559,WKLFKKILKVL
7561,RIIDRLWLVRRPQKPKFVLVWVL
7563,KLWCKSSQVPQSR
7565,ALLDKLKSLGKVVGKVALGVVQNYLNPRQ
7566,AWLDKLKSIGKVVGKVAIGVAKNLLNPQ
7571,QETFSDLWKLLVQRKRQKLMP
7574,FAVWGCADYRGY
7576,NDGNQPL
7578,CGEMGWVRCKFAKFAKKFAKFAKKFAKFAK
7581,YSFGL
7584,PSRKVMLWS
7586,DGDWDAWTRETS
7589,ATRQPNH
7591,INLKALAALAKKIL
7592,KLLKINLKALAALAKKIL
7596,FKCRRWQWRMKKLG
7598,DLIWKLLSKAQEKFGKNKSR
7602,GAGIVVASIDTGVRVSHE
7608,FLKSLWRGVKAIFNGARQGYKEHKN
7610,KLKSKLMVVCNKIGLLKSLCRKFVKSH
7611,KLKSKLMVVANKIGLLKSLARKFVKSH
7616,RLLRLLRLRRLLRL
7620,EYVQTVKSSKG
7631,CGIGAVLKVLTTGLPALISWIKRKRQQ
7643,AKIPIKAAIKTVGKAVGKGLRAINIASTANDVFNFLKPKKRKA
7654,RRPYIL
7655,RRPAIL
7656,RRPYAL
7660,SSQGYGSSPSPTPR
7662,NQADSSPSS
7664,NGSIPATWASL
7667,NEEENTHISTR
7669,DEEENTHISTR
7671,AVGSASPTL
7673,NCSIHGDIPAY
7676,TFPCSASNK
7678,HDNTAHPAPDS
7680,LAIAVK
7688,LAKAVI
7692,RPPCVIL
7700,RPPLVIC
7704,AAEKEFIKYPYPTPLQYQQLATRLKVEKKLVRRW
7710,FFFLSRIF
7714,RRWKRFFKRWKGGVIGVTFPF
7715,LKKWWKKVKGLLGGLLGKVTSVIK
7721,LKKWWKKVKGLLGGLLGKVKKVIK
7724,RRWVRRVRRVWRRVVRVVRRWVRR
7740,RQIKIWFQNRRMKWKKRQRRNDLRSSFLTLRDHVP
7741,RKRRNDLRSRFLALRDQ
7754,RRRRRRRSKAPKVVILSKALEYLQA
7757,RQIKWFQNRRMKWKKSKAPKVVILSKALEYLQA
7781,KRWHWWRRHWVVW
7784,LWKRWVGVWRKWL
7788,WKWLKKWIK
7789,KRWWKWWRR
7790,NYPQRPCRGDKGPDC
7802,GKCSTRGRKCCRRKK
7803,GKCSTRGRKCMRRKK
7804,GKCSTRGRKMCRRKK
7808,YKSIEFC
7810,YKSVEFC
7811,LGQQQPFPPQQPY
7816,LTSVVFILICCFHLENIFVLLKKRTLRKNDRKKR
7817,FIGNLALSDLLAGVAYTANLLLKKRTLRKNDRKKR
7818,WFLREGSMFVALSASVFSLLAIKKRTLRKNDRKKR
7819,FLLISACWVISLILGGLPIMGWKKRTLRKNDRKKR
7820,LYHKHYILECTTVFTLLLLSIVILYCRIKKRTLRKNDRKKR
7821,VIIVLSVFIACWAPLFILLLLKKRTLRKNDRKKR
7822,LFRAEYFLVLAVLNSGTNPIIKKRTLRKNDRKKR
7827,MQIPQAPWPVVWAVLQLGWRKKRTLRKNDRKKR
7828,MQIPQAPWPVVWAVLQLGWRRKKRRQRRR
7829,MRIFAVFIFMTYWHLLNAKKRTLRKNDRKKR
7833,PWWWPPVVVQQQMILLIGAARKKRTLRKNDRKKR
7834,KKRTLRKNDRKKR
